{"x": [0.049982128378755056, 1.4960669182036597, 9.97155826731774, 0.005799055621375852], "f": 77241.07365850626, "n_evals": 135, "elapsed": 346.7094292640686, "converged": true}