{"x": [0.05357528438292593, 1.264445411571316, 9.987139022117043, 0.13818228251678435], "f": 78051.22116059715, "n_evals": 150, "elapsed": 327.7424840927124, "converged": true}